feature,coefficient
steps_t,-0.030579959943910256
sleep_minutes_t,-0.15332808083627317
screen_minutes_t,2.2451396416091143
