feature,coefficient
steps_t,-0.03057995994391035
sleep_minutes_t,-0.15332808083626837
screen_minutes_t,2.2451396416091125
