model,MAE,RMSE,R2
baseline,1200.5833333333333,1535.8943377285648,-1.3201934594430837
lr,911.2108680905723,1190.6722919353392,-0.394395633641891
tree,1085.3771929824563,1339.1741348626254,-0.7639067610601253
