model,MAE,RMSE,R2
baseline,1479.9333333333334,1787.000167879119,-0.9211533450152571
lr,1113.3042920307705,1357.019472340705,-0.10786031023032261
tree,1334.7777116402115,1492.4942353443225,-0.3401029692022448
